{"Barnard Castle": [54.5448091, -1.924642], "Carlinhow": [null, null], "Cockfield": [52.1559118, 0.7864055], "Consett": [54.8518781, -1.8333741], "Cotherstone": [54.570244, -1.9804176], "Darlington": [54.5242081, -1.5555812], "Etherley": [54.6295609, -1.6959387], "Evenwood": [54.621193, -1.7608762], "Gainford": [54.5463647, -1.7379864], "Hartlepool": [54.6857276, -1.2093696], "Middlesbrough": [54.5760419, -1.2344047], "NORTON": [54.1324141, -0.7854029], "REDCAR": [54.6179021, -1.0687914], "Skinningrove": [54.5697188, -0.899522], "Staindrop": [54.5800156, -1.8068071], "Stanley": [54.8722855, -1.6963315], "Stockton": [51.1340206, -2.0346618], "Stokesley": [54.470288, -1.1908224], "Sunderland": [54.9058512, -1.3828727], "THIRSK": [54.2327725, -1.3423775], "Teesdale": [54.5629815, -1.3058935], "Thornaby": [54.5401012, -1.2935896]}